ChaFriend	ChaFlag	((1))
ChaInfo	ChaAttackP	((0))
ChaInfo	ChaBright	((0))
ChaInfo	ChaClass	((0))
ChaInfo	ChaCP	((0))
ChaInfo	ChaCreateDate	(getdate())
ChaInfo	ChaDefenseP	((0))
ChaInfo	ChaDeleted	((0))
ChaInfo	ChaDeletedDate	(getdate())
ChaInfo	ChaDex	((0))
ChaInfo	ChaExp	((0))
ChaInfo	ChaFace	((0))
ChaInfo	ChaFightA	((0))
ChaInfo	ChaGuName	('')
ChaInfo	ChaGuSecede	('1970-02-01')
ChaInfo	ChaHair	((0))
ChaInfo	ChaHP	((0))
ChaInfo	ChaIntel	((0))
ChaInfo	ChaInvenLine	((0))
ChaInfo	ChaKill	((0))
ChaInfo	ChaKills	((0))
ChaInfo	ChaLevel	((0))
ChaInfo	ChaLiving	((0))
ChaInfo	ChaMoney	((0))
ChaInfo	ChaMP	((0))
ChaInfo	ChangeClass	((0))
ChaInfo	ChaOnline	((0))
ChaInfo	ChaPK	((0))
ChaInfo	ChaPosX	((0))
ChaInfo	ChaPosY	((0))
ChaInfo	ChaPosZ	((0))
ChaInfo	ChaPower	((0))
ChaInfo	ChaReborn	((0))
ChaInfo	ChaRebornReset	((0))
ChaInfo	ChaReturnMap	((-1))
ChaInfo	ChaReturnPosX	((0))
ChaInfo	ChaReturnPosY	((0))
ChaInfo	ChaReturnPosZ	((0))
ChaInfo	ChaSaveMap	((-1))
ChaInfo	ChaSavePosX	((0))
ChaInfo	ChaSavePosY	((0))
ChaInfo	ChaSavePosZ	((0))
ChaInfo	ChaSchool	((0))
ChaInfo	ChaShootA	((0))
ChaInfo	ChaSkillPoint	((0))
ChaInfo	ChaSP	((0))
ChaInfo	ChaSpecial	((0))
ChaInfo	ChaSpirit	((0))
ChaInfo	ChaSpMID	((0))
ChaInfo	ChaSpSID	((0))
ChaInfo	ChaStartGate	((0))
ChaInfo	ChaStartMap	((0))
ChaInfo	ChaStorage2	('1970-02-01')
ChaInfo	ChaStorage3	('1970-02-01')
ChaInfo	ChaStorage4	('1970-02-01')
ChaInfo	ChaStRemain	((0))
ChaInfo	ChaStrength	((0))
ChaInfo	ChaStrong	((0))
ChaInfo	ChaTribe	((0))
ChaInfo	ChaViewRange	((0))
ChaInfo	GraveYard	((0))
ChaInfo	GuNum	((0))
ChaInfo	GuPosition	((0))
ChaInfo	SGNum	((0))
ChaInfo	SumMain	((0))
ChaInfo	SumSub	((0))
ChaInfo	UserLastInfo	((0))
ChaLastInfo	ChaLevel	((0))
ChaLastInfo	ChaMoney	((0))
ChaLastInfo	ChaNum	((0))
ChaNameInfo	ChaName	('')
ChaNameInfo	ChaNum	((0))
GuildAlliance	GuNumP	((0))
GuildAlliance	GuNumS	((0))
GuildBattle	GuAlliance	((0))
GuildBattle	GuBattleEndDate	(getdate())
GuildBattle	GuBattleStartDate	(getdate())
GuildBattle	GuFlag	((0))
GuildBattle	GuKillNum	((0))
GuildBattle	GuPNum	((0))
GuildBattle	GuSNum	((0))
GuildInfo	ChaNum	((0))
GuildInfo	GuAllianceBattleDraw	((0))
GuildInfo	GuAllianceBattleLose	((0))
GuildInfo	GuAllianceBattleWin	((0))
GuildInfo	GuAllianceDis	('1970-02-01')
GuildInfo	GuAllianceSec	('1970-02-01')
GuildInfo	GuAuthorityTime	('1970-02-01')
GuildInfo	GuBattleDraw	((0))
GuildInfo	GuBattleLastTime	('1970-02-01')
GuildInfo	GuBattleLose	((0))
GuildInfo	GuBattleWin	((0))
GuildInfo	GuDeputy	((0))
GuildInfo	GuExpire	((0))
GuildInfo	GuExpireTime	('1970-02-01')
GuildInfo	GuIncomeMoney	((0))
GuildInfo	GuMakeTime	(getdate())
GuildInfo	GuMarkImage	('')
GuildInfo	GuMarkVer	((0))
GuildInfo	GuMoney	((0))
GuildInfo	GuName	('')
GuildInfo	GuNotice	('')
GuildInfo	GuRank	((0))
GuildInfo	GuStorage	('')
GuildRegion	GuNum	((0))
GuildRegion	RegionTax	((0.0))
ItemCustomize	AddBol	((0))
ItemCustomize	AddDate	((0))
ItemCustomize	AttackUpgrade	((0))
ItemCustomize	ChangeQuantity	((0))
ItemCustomize	DefenceUpgrade	((0))
ItemCustomize	EditBol	((0))
ItemCustomize	GfInfo	('0||0||0||0')
ItemCustomize	GmShuXing	('Null|Null||Null|Null||Null|Null||Null|Null')
ItemCustomize	GmType	('其它')
ItemCustomize	Point	((0))
PetInfo	PetCardMID	((0))
PetInfo	PetCardSID	((0))
PetInfo	PetChaNum	((0))
PetInfo	PetColor	((0))
PetInfo	PetCreateDate	(getdate())
PetInfo	PetDeleted	((0))
PetInfo	PetDeletedDate	(getdate())
PetInfo	PetFull	((1000))
PetInfo	PetMID	((0))
PetInfo	PetName	('')
PetInfo	PetNum	((0))
PetInfo	PetPutOnItems	('')
PetInfo	PetSID	((0))
PetInfo	PetStyle	((0))
PetInfo	PetType	((0))
PetInven	PetChaNum	('0')
PetInven	PetInvenAvailable	((0))
PetInven	PetInvenCMID	((0))
PetInven	PetInvenCSID	((0))
PetInven	PetInvenMID	((0))
PetInven	PetInvenSID	((0))
PetInven	PetInvenType	((0))
PetInven	PetInvenUpdateDate	(getdate())
PetInven	PetNum	((0))
UserInven	ChaStorage2	('1970-02-01')
UserInven	ChaStorage3	('1970-02-01')
UserInven	ChaStorage4	('1970-02-01')
UserLastInfo	UserNum	((0))
VehicleInfo	VehicleBattery	((1000))
VehicleInfo	VehicleCardMID	((0))
VehicleInfo	VehicleCardSID	((0))
VehicleInfo	VehicleChaNum	((0))
VehicleInfo	VehicleCreateDate	(getdate())
VehicleInfo	VehicleDeleted	((0))
VehicleInfo	VehicleDeletedDate	(getdate())
VehicleInfo	VehicleName	('')
VehicleInfo	VehicleNum	((0))
VehicleInfo	VehiclePutOnItems	('')
VehicleInfo	VehicleType	((0))
